referencia,nombre_vitrina,estado
ACCCAR-7283,Kit Cargador Adicional 4A Powest 2-3KVA Tipo Torre,parcial
ACCCAR-7286,Kit Cargador 4A Powest 6-10KVA Torre,parcial
ACCPARAL-9352,Kit Paralelo UPS Hibrida 6KVA,parcial
ACCSNMP-9059,SNMP Software y Tarjeta SNMP On Line,parcial
ACCSNMP-9282,SNMP Software y Tarjeta SNMP Hibrida 3KVA,parcial
ACCSNMP-9352,SNMP Software y Tarjeta SNMP Hibrida 5KVA,parcial
ACCSNMP-9459,"Tarjeta SNMP UPS Rack 3, 6 y 10KVA",parcial
AMP30,Modulo Amplificador de Potencia para Energizador,parcial
AP101,Aislador de Paso para Cercos Eléctricos,no_encontrado
AP201,Aislador de Esquina Reforzado Compatible SFSP,no_encontrado
AS0001,Aislador Intermedio o Estantillo AS1500,no_encontrado
AS0002,Aislador Final o Esquinero AS2500,no_encontrado
AS13250,Aislador Tipo Anillo,no_encontrado
AS1500,Aislador Intermedio o Estantillo,no_encontrado
AS2500,Aislador Final o Esquinero,no_encontrado
AS31000,Aislador de Puntilla,no_encontrado
AS8250,Aislador Recibidor,no_encontrado
AS9500,Aislador de Cabilla,no_encontrado
ASU650SS-1TT-R,"SSD ADATA Ultimate SU650 1TB SATA 2.5""",verificado
ASU650SS-256GT-R,"SSD ADATA Ultimate SU650 256GB SATA 2.5""",verificado
ASU650SS-512GT-R,"SSD ADATA Ultimate SU650 512GB SATA 2.5""",verificado
AUAC265,Tarjeta Controladora Accessmatic ACCESS-COMAND265,parcial
AUAC3-4-1,"Balinera Rodachina 2"" Nylon Puertas Seccionales",no_encontrado
AUAC3-40-1,Soporte Central Puertas Seccionales Accessmatic,no_encontrado
AUAC3-40-2,Soporte Lateral Puertas Seccionales Accessmatic,no_encontrado
AUAC3-66-1,Bisagras Centrales Puertas Seccionales Accessmatic,no_encontrado
AUAC3-66-3,Bisagras Laterales Puertas Seccionales Accessmatic,no_encontrado
AUAC3-66-5,Bisagras Centrales Antipellizco Accessmatic,no_encontrado
AUACAC24NE,Tarjeta Controladora ACCESSCOMAND24 Eagle/Falcon,parcial
AUACAC24NE500,Tarjeta Controladora ACCESSCOMAND24 Eagle 500,parcial
AUACAC24NE600,Tarjeta Controladora ACCESSCOMAND24 Fenix 600,parcial
AUACACCESSCAM,Cámara y Módulo WiFi Accesscam Universal,parcial
AUACACCESSCLIP,Accessclip,parcial
AUACAE15,Fotoceldas Accesseye Mini Cabezales/Puertas,parcial
AUACAE20,Fotoceldas Accesseye 20 Alcance 20m,parcial
AUACAE25,Fotoceldas Accessmatic para Motores Hulk,parcial
AUACAE30,Fotoceldas Accesseye 30 Alcance 30m,parcial
AUACAF24Li,Batería Respaldo ACCESFUEL24Li Motores Garaje,parcial
AUACAH45,Receptora Universal Accessmatic Accesshub 500,parcial
AUACAL3900U,Control Remoto Accessmatic Universal de 3 Canales,parcial
AUACALH2,Control Remoto Accessmatic 433MHZ,parcial
AUACALH3,Control Remoto Accessmatic 3 Botones Clip Visor,parcial
AUACALK4,Kit de Receptora para Motor Kong 433.92MHZ,parcial
AUACALM4,Control Remoto Accessmatic 4CH 433MHz Eagle/Falcon,parcial
AUACALN6,Control Remoto Accessmatic 6 Funciones 433MHz,parcial
AUACALR4,Control Remoto Accessmatic 4CH 433MHz Raptor/Elite,parcial
AUACALS4,Control Accessmatic 4CH 433MHz Pitbull/Bulldozer,parcial
AUACALT2,Control Remoto Accessmatic 2 Botones Clip Visor,parcial
AUACALW4,Control Remoto Accessmatic 4 Botones Verdes,parcial
AUACANT100,2 Resortes 50kg Herrajes G8 Guías T12,no_encontrado
AUACANT120,2 Resortes 60kg Herrajes G8 Guías T12,no_encontrado
AUACANT160,2 Resortes 80kg Herrajes G8 Guías T12,no_encontrado
AUACANT55,Resorte 55kg Herrajes G8 Guías T10,no_encontrado
AUACANT60,Resorte 60kg Herrajes G8 Guías T10,no_encontrado
AUACANT70,Resorte 70kg Herrajes G8 Guías T10,no_encontrado
AUACANT80,Resorte 80kg Herrajes G8 Guías T12,no_encontrado
AUACAP40,Pulsador Accessmatic Access-pulse de 4 Botones,parcial
AUACAR10,Extensión Riel 1m Raptor/MG700 Accessmatic,no_encontrado
AUACAR10SC901,Riel en C Garaje Levadiza SC901,no_encontrado
AUACAR10SH,Extensión Riel 1m Shark 1000 Accessmatic,no_encontrado
AUACATN140,2 Resortes 70kg Herrajes G8 Guías T12,no_encontrado
AUACBAR03,Barra Inferior Acero Inoxidable Enrollables,no_encontrado
AUACBBA,Soporte Batería Respaldo Motores Shark Accessmatic,parcial
AUACBL05,Caja de Seguridad Desbloqueo Motores Accessmatic,parcial
AUACBOOM02,Asta Metálica Redonda 2m Talanquera Accessmatic,no_encontrado
AUACBOOM04F,Kit Asta Articulada Talanquera MTD624,no_encontrado
AUACBOOM06T,Asta Telescópica Ajustable 3-6m Talanquera,no_encontrado
AUACCAP60,Tapas Externas Policarbonato 60 Pcs,no_encontrado
AUACCH1,Cadena Adicional 4m para Motor Hulk,no_encontrado
AUACCRAB02,Sistema Anticaída Puertas Levadizas,parcial
AUACCRAB03,Sistema Anticaída Puertas Levadizas,parcial
AUACDHOOK06,Ganchos Inferiores Enrollables 6 Pcs,no_encontrado
AUACEG250,Kit Motores Batientes Eagle 250 2 Hojas,parcial
AUACEG500,Kit Motores Batientes Eagle 500 2 Hojas,parcial
AUACEG501,Kit Motor Batiente Eagle 501 Puerta 1 Hoja,parcial
AUACEL12,Electro-cerradura Vertical Accessmatic,parcial
AUACESA,Botón de Parada de Emergencia para Motor Kong,parcial
AUACESA3.5,Botón de Parada Motor Kong c/Cable 3.5m,parcial
AUACFC300,Kit Motores Batientes Falcon 300 2 Hojas 3m,parcial
AUACFC350,Kit Motores Batientes Falcon 350 2 Hojas,parcial
AUACFC351,Kit Motor Batiente Accessmatic Puertas hasta 4m,parcial
AUACFENIX600,Kit 2 Motores Fenix Batientes 2 Hojas 5.5m,parcial
AUACFENIX601,Kit Motor Fenix Batiente 1 Hoja 5.5m,parcial
AUACFEX10,Extensión de Riel en T para FOX1000 de 1 Metro,no_encontrado
AUACFL1224,Lámpara LED Destellante 12-240V AC/DC,parcial
AUACFX1000,Motor Garaje FOX 1000 Pro 3/4HP Accessmatic,parcial
AUACFX1100WS,Abrepuertas Garaje FOX 1100 Pro Silencioso,parcial
AUACGC02,Pinza para Vidrio con Tapa en Aluminio de 1 Metro,no_encontrado
AUACHK4,Control Remoto Accessmatic 4CH 433MHz p/HULK HR42,parcial
AUACHR42,Receptora Accessmatic para Motores Hulk,parcial
AUACHTA15,Ángulo Horizontal Guía Herraje Seccionales,no_encontrado
AUACKAN4275,Kit Puerta Automática Avalon 4200 4.2m,parcial
AUACKAT42M,Kit Puerta Automática AVANTI4200 4.2m,parcial
AUACKAT63M,Kit Puerta Automática AVANTI6300 6.3m,parcial
AUACKAVANTI6000Z,Kit Puerta Telescópica Accessmatic 6m,parcial
AUACKBD1024BL,Kit Motor Corredizo Bulldog 1024BL s/Escobillas,parcial
AUACKBD1100,Kit Motor Corredizo Bulldog 1100 1100kg,parcial
AUACKBD1522,Kit Motor Corredizo Bulldog 1522 1500kg,parcial
AUACKBD1824BL,Kit Motor Corredizo Bulldog 1824BL s/Escobillas,parcial
AUACKBD2024,Kit Motor Corredizo Bulldog 2024 2000kg,parcial
AUACKBD850,Kit Motor Corredizo Bulldozer 850 850kg,parcial
AUACKCP200C,"Puerta Pánel Cuadros 2,44 x 2,14m",parcial
AUACKCP201R,"Puerta Pánel Liso 2,44m de Ancho x 2,14m de Alto",parcial
AUACKCP250R,"Puerta Pánel Liso 2,44 de Ancho x 2,29m de Alto",parcial
AUACKCP251C,"Puerta Pánel Cuadros 2,44 x 2,29m",parcial
AUACKCP300C,"Puerta Pánel Cuadros 2,74 x 2,14m",parcial
AUACKCP301R,"Puerta Pánel Liso 2,74m de Ancho x 2,14m de Alto",parcial
AUACKCP350C,"Puerta Pánel Cuadros 2,74 x 2,29m",parcial
AUACKCP351R,"Puerta Pánel Liso 2,74m de Anchox 2,29m de Alto",parcial
AUACKCP375C,"Puerta Pánel Cuadros 2,74 x 2,44m",parcial
AUACKCP376R,"Puerta Pánel Liso 2,74m de Ancho x 2,44m de Alto",parcial
AUACKCP400C,"Puerta Pánel Cuadros 3,05 x 2,14m",parcial
AUACKCP401R,"Puerta Pánel Liso 3,05m de Ancho x 2,14m de Alto",parcial
AUACKCP450R,"Puerta Pánel Liso 3,05m de Ancho x 2,29m de Alto",parcial
AUACKCP451C,"Puerta Pánel Cuadros 3,05 x 2,29m",parcial
AUACKCP490C,"Puerta Pánel Cuadros 3,05 x 2,44m",parcial
AUACKCP491R,"Puerta Pánel Liso 3,05m de Ancho x 2,44m de Alto",parcial
AUACKCP501R,"Puerta Pánel Liso 3,66m de Ancho x 2,14m de Alto",parcial
AUACKCP551R,"Puerta Pánel Liso 3,66m de Ancho x 2,29m de Alto",parcial
AUACKCP575R,"Puerta Pánel Liso 3,66m de Ancho x 2,44m de Alto",parcial
AUACKCP801R,"Puerta Pánel Liso 4,88m de Ancho x 2,14m de Alto",parcial
AUACKCP850R,"Puerta Pánel Liso 4,88m de Ancho x 2,29m de Alto",parcial
AUACKCP875R,"Puerta Pánel Liso 4,88m de Ancho x 2,44m de Alto",parcial
AUACKCP900R,"Puerta Pánel Liso 5,49m de Ancho x 2,14m de Alto",parcial
AUACKCP950R,"Puerta Pánel Liso 5,50m de Ancho x 2,29m de Alto",parcial
AUACKCP975R,"Puerta Pánel Liso 5,50m de Ancho x 2,44m de Alto",parcial
AUACKFOX1000C,Motor Garaje FOX 1000C Pro 3/4HP Accessmatic,parcial
AUACKFOX1000T,Motor Garaje FOX 1000T Pro 3/4HP Accessmatic,parcial
AUACKFOX1050HS,Motor Garaje FOX 1050 High Speed Accessmatic,parcial
AUACKFOX1100WS,Motor Garaje FOX 1100 Pro Silencioso Accessmatic,parcial
AUACKG7,"Guías Verticales y Horizontales 2,14m",no_encontrado
AUACKG8,"Guías Verticales y Horizontales 2,44m",no_encontrado
AUACKG8LH,"Guías Vert/Horiz Riel Doble 2,44m",no_encontrado
AUACKHULK1024DC,Kit Apertura Enrollables Hulk 1024DC c/Batería,parcial
AUACKHULK1500,Kit Apertura Enrollables Hulk 1500 Accessmatic,parcial
AUACKHULK500S,Kit Apertura Rápida Enrollables Hulk 500S,parcial
AUACKHULK624DC,Kit Apertura Enrollables Hulk 624DC c/Batería,parcial
AUACKHULK750,Kit Apertura Enrollables Hulk 750 Accessmatic,parcial
AUACKHULK950,Kit Apertura Enrollables Hulk 950 Accessmatic,parcial
AUACKMTD624,Kit Barrera MASTODON624 Accessmatic,parcial
AUACKMTD624ART,Kit Barrera MASTODON624 Uso Continuo Accessmatic,parcial
AUACKPB400,Kit Motor Corredizo Pitbull 400 400kg,parcial
AUACKSC1800C,Motor Garaje Scorpion 1800C 1.5HP Accessmatic,parcial
AUACKSC1800T,Motor Garaje Scorpion 1800T 1.5HP Accessmatic,parcial
AUACKSH20,Acople de Eje Extensión 200mm Motor KONG50,no_encontrado
AUACKVIPER100,Kit Puerta Batiente Viper 100 Pull&Push 100kg,parcial
AUACKVIPER200,Kit Puerta Batiente Viper 200 Pull&Push 200kg,parcial
AUACKVIPER350,Kit Puerta Batiente Viper 350 Pull&Push 350kg,parcial
AUACMN20,Sensor de Movimiento Accessmatic Access-motion,parcial
AUACMTD224,Barrera Vehicular MASTODON224 Accessmatic,parcial
AUACMTD624,Barrera Vehicular MASTODON624 Accessmatic,parcial
AUACOWL504,Cerradura Inteligente Digital 5 Métodos Apertura,parcial
AUACOWL608,Cerradura Inteligente Digital 6 Métodos Apertura,parcial
AUACPAN03,Panel Superior Acero Inoxidable Enrollable,no_encontrado
AUACPUMA1200,Motor Garaje Puma 1200 Silencioso Accessmatic,parcial
AUACRC4S,Riel en C para Motor Scorpion 1800 de 4 Metros,no_encontrado
AUACRCBLT3,Riel C Correa Silencioso FOX 1000 3.15m,no_encontrado
AUACRD30C,Láminas Policarbonato Cristal Enrollables,no_encontrado
AUACRD30E,Láminas Policarbonato Escarchado Enrollables,no_encontrado
AUACRIM4F,Cremallera Mediana Acero Galv. 1200kg,no_encontrado
AUACRIM4Z,Cremallera Gruesa Soldable Acero Galv. 2000kg,no_encontrado
AUACRP120,Motor Garaje Raptor 1200 1HP Accessmatic,parcial
AUACRT2415U,Fotoceldas REFLEX15 Alcance 15m,parcial
AUACRT3FX,Riel T FOX 1000 3 Partes c/Trolley,no_encontrado
AUACRT4SC,Riel en T para Motor Scorpion 1800 de 4 Metros,no_encontrado
AUACSB4,Freno Paracaídas para Motores Hulk 400,parcial
AUACSB9,Freno Paracaídas para Motores Hulk 700 & Hulk 900,parcial
AUACSC901COM,Motor de Garaje Accessmatic Scorpion 901 de 1/2 HP,parcial
AUACSH1000,Motor de Garaje Accessmatic Shark 1000,parcial
AUACSONAR,Sistema Apertura WiFi Accessmatic p/Motores,parcial
AUACSPRING35L,Resorte de Torsión Izquierdo 35kg,no_encontrado
AUACSPRING35R,Resorte de Torsión Derecho 35kg,no_encontrado
AUACSPRING45L,Resorte de Torsión Izquierdo 45kg,no_encontrado
AUACSPRING45R,Resorte de Torsión Derecho 45kg,no_encontrado
AUACSPRING50L,Resorte de Torsión Izquierdo 50kg,no_encontrado
AUACSPRING50R,Resorte de Torsión Derecho 50kg,no_encontrado
AUACSPRING55L,Resorte de Torsión Izquierdo 55kg,no_encontrado
AUACSPRING55R,Resorte de Torsión Derecho 55kg,no_encontrado
AUACSPRING60L,Resorte de Torsión Izquierdo 60kg,no_encontrado
AUACSPRING60R,Resorte de Torsión Derecho 60kg,no_encontrado
AUACSPRING70L,Resorte de Torsión Izquierdo 70kg,no_encontrado
AUACSPRING70R,Resorte de Torsión Derecho 70kg,no_encontrado
AUACSPRING80L,Resorte de Torsión Izquierdo 80kg,no_encontrado
AUACSPRING80R,Resorte de Torsión Derecho 80kg,no_encontrado
AUACT10,"Barras de Torsión Garaje 3,05m",no_encontrado
AUACT12,"Barras de Torsión Garaje 3,66m",no_encontrado
AUACT16,"Barras de Torsión Garaje 4,88m",no_encontrado
AUACT18,"Barras de Torsión Garaje 5,50m",no_encontrado
AUACT8,"Barras de Torsión Garaje 2,44m",no_encontrado
AUACT9,"Barras de Torsión Garaje 2,74m",no_encontrado
AUACTAP02,Tapas Plásticas Enrollables 2 Pcs,no_encontrado
AUACTP34,Tubos Plásticos Ensamble Enrollables 36 Pcs,no_encontrado
AUACUHOOK20,Ganchos Aluminio Sup/Inf Enrollables 20 Pcs,no_encontrado
AUACV515,Sensor Doble Tecnología ACCESS-VISION45,parcial
AUACWAP100,Botonera Externa para Motor Kong,parcial
AUCKMTD224,Kit Barrera MASTODON224 Accessmatic,parcial
AUELCR433,Control Remoto Elite 433MHz 3 Botones Clip Visor,parcial
AUELEP100240,Módulo WiFi Elite Elite-pulse Universal,parcial
AUELKME611,Kit Apertura Enrollables Elite ME622,parcial
AUELKME624DC,Kit Apertura Enrollables Elite SPIN624DC,parcial
AUELKME824DC,Kit Apertura Enrollables Elite SPIN824DC,parcial
AUELKME8511,Kit Apertura Enrollables Elite SPIN8511,parcial
AUELKPA42,Kit Puerta Automática Elite Zoom 4.2m,parcial
AUELMC12,Kit Motor Corredizo Elite Puertas 1200kg,parcial
AUELMC4,Kit de Motor Corredizo Elite Slide 400 de 400KG,parcial
AUELMC5,Kit de Motor Corredizo Elite Slide 500 de 500KG,parcial
AUELMC8,Kit Motor Cremallera Elite Slide 800 c/4m,parcial
AUELMC8FV,Kit Motor Cremallera Elite Slide 800 c/5m,parcial
AUELMG750,Motor Garaje Elite MG 750 Silencioso,parcial
AUELSL3000L,Cerradura Elite Lock SL3000 Puertas hasta 6cm,parcial
AUELSL5000,Cerradura Elite Lock SL5000 de Sobreponer,parcial
AUELSL5500L,Cerradura Elite Lock SL5500L Puertas hasta 8cm,parcial
AUELTW25,Kit Motores Elite TWIST250 Abatibles 2.5m,parcial
AUNA3-18-1,Bisagra Numero Uno en Acero Galvanizado Calibre 18,no_encontrado
AUNA3-18-2,Bisagra Numero Dos en Acero Galvanizado Calibre 18,no_encontrado
AUNA3-19-3,Bisagra N°3 Acero Galvanizado Calibre 14,no_encontrado
AUNA3-20-2,Bisagra Numero Dos en Acero Galvanizado Calibre 11,no_encontrado
AUNA3-20-3,Bisagra N°3 Acero Galvanizado Calibre 11,no_encontrado
AUNA3-20-4,Bisagra N°4 Acero Galvanizado Calibre 11,no_encontrado
AUVATAMBORDER,Tambor Derecho Puertas Seccionales Accessmatic,no_encontrado
AUVATAMBORIZQ,Tambor Izquierdo Puertas Seccionales Accessmatic,no_encontrado
AWG25A,Cable Doble Aislado Cercas Eléctricas 25m,no_encontrado
BBCHAS-7570,Chasis Externo Baterías UPS 10/15/20KVA,parcial
BBCHAS-7580,Chasis Externo para Banco de Baterias UPS 30 KVA,parcial
BBCHAS-7610,Chasis Externo Baterías UPS 6-10KVA Bifásica,parcial
BBCHAS-7612,Chasis Externo Baterías UPS 1-3KVA Rack,parcial
BBCHAS-7614,Chasis Externo Baterías UPS 6-10KVA Rack,parcial
BBKIT-7570,Kit de Baterias UPS 10 - 15 - 20 KVA UL,parcial
BBKIT-7610,Kit de Baterias UPS 6KVA Bifasica,parcial
BBKIT-7611,Kit de Baterias UPS 10KVA Bifasica,parcial
BBKIT-7612,Kit de Baterias UPS 1KVA Rack,parcial
BBKIT-7613,Kit de Baterias UPS 3KVA Rack,parcial
BBKIT-7614,Kit de Baterias UPS 6 y 10 KVA Rack,parcial
CEBAT-7201,Bateria Sellada 6V-4AH FL640GS,parcial
CEBAT-7202,Bateria Sellada 12V-5AH FL1250GS,parcial
CEBAT-7203,Bateria Sellada 12V-7.5AH FL1275GS,parcial
CEBAT-7207,Bateria Sellada 12V-9AH FL1290GS,parcial
CEBAT-7208,Bateria Sellada 12V-18AH FL12180GS,parcial
CEBAT-7214,Bateria Sellada 12V-35AH FL12350GS,parcial
CEBAT-7216,Bateria Sellada 12V-40AH FL12400GS,parcial
CEBAT-7219,Bateria Sellada 12V-90AH FL12900GS,parcial
CEBAT-7223,Bateria Sellada 12V-26AH FL12260GS,parcial
CEBAT-7224,Bateria Sellada 12V-55AH FL12550GS,parcial
CEBAT-7225,Bateria Sellada 12V-80AH FL12800GS,parcial
CEBAT-7226,Bateria Sellada 12V-100AH FL121000GS,parcial
CEBAT-7227,Bateria Sellada 12V-12AH FL12120GS,parcial
CEBAT-7228,Bateria Sellada 12V-150AH FL121500GS,parcial
CEBAT-7229,Bateria Sellada 12V-200AH FL122000GS,parcial
CEBAT-7230,Bateria Sellada 12V-65AH FL12650GS,parcial
CEBAT-7234,Bateria Sellada 12V-120AH FL121200GS,parcial
CEBAT-7239,Bateria Sellada 6V-1.2AH FL612GS,parcial
CEBAT-7243,Bateria Sellada 6V-12AH FL6120GS,parcial
CEBAT-7244,Bateria Sellada 12V-2.3AH FL1223GS,parcial
CEBAT-7271,Bateria Plomo Carbono 12V-100AH,parcial
CEBAT-7272,Bateria Plomo Carbono 12V-150AH,parcial
CEBAT-7275,Bateria Plomo Carbono 12V-200AH,parcial
CEBAT-7276,Bateria Plomo Carbono 12V-250AH,parcial
CEBAT-7296,Modulo de Litio 51.2V200AH FLL51.2V200Ah,parcial
CEBAT-7297,Modulo de Litio 51.2V100AH FLL51.2V100Ah,parcial
CEBAT-7566,Bateria Sellada 4V-4AH FL440GS,parcial
CEBAT-7567,Bateria Sellada 6V-7AH FL670GS,parcial
CEBAT-7568,Bateria Sellada 12V-4AH FL1240GS,parcial
CEBAT-7574,Bateria Solar 12V-100AH FLS121000,parcial
CEBAT-7582,Bateria Solar 12V-250AH FLS122500,parcial
CEBAT-7626,Bateria Gel Ciclo Profundo -12v 100Ah FLS121000 DC,parcial
CEBAT-7628,Bateria Gel Ciclo Profundo -12v 150Ah FLS121500 DC,parcial
CEBAT-7629,Bateria Gel Ciclo Profundo -12v 200Ah FLS122000 DC,parcial
CEBAT-7631,Bateria Gel Ciclo Profundo -12v 250Ah FLS122500 DC,parcial
CEBBAT-728314,Banco Baterías Powest 3KVA 14min,parcial
CEBBAT-729214,Banco Baterías Powest 1KVA 14min,parcial
CEBBAT-730614,Banco Baterías Powest 2KVA 14min,parcial
CEBBAT-758105,Banco Baterias (5MN) 60KVA EA Bbtitan EA9960,parcial
CEBBAT-758110,Banco Baterias (10MN) 60KVA EA Bbtitan EA9960,parcial
CEBBAT-758115,Banco Baterias (15MN) 60KVA EA Bbtitan EA9960,parcial
CEBBAT-758130,Banco Baterias (30MN) 60KVA EA Bbtitan EA9960,parcial
CEBBAT-764705,Banco Baterias (5MN) 40KVA EA Bbtitan EA9940,parcial
CEBBAT-764710,Banco Baterias (10MN) 40KVA EA Bbtitan EA9940,parcial
CEBBAT-764715,Banco Baterias (15MN) 40KVA EA Bbtitan EA9940,parcial
CEBBAT-764730,Banco Baterias (30MN) 40KVA EA Bbtitan EA9940,parcial
CEBBAT-764805,Banco Baterias (5MN) Bb Titan EA9980 Interno,parcial
CEBBAT-764810,Banco Baterias (10MN) Bb Titan EA9980 Externo,parcial
CEBBAT-764815,Banco Baterias (15MN) Bb Titan EA9980 Externo,parcial
CEBBAT-764830,Banco Baterias (30MN) 80KVA EA Bbtitan EA9980,parcial
CEBBAT-766505,Banco Baterias (5MN) Bb Titan EA99100 Externo,parcial
CEBBAT-766510,Banco Baterias (10MN) Bb Titan EA99100 Externo,parcial
CEBBAT-766515,Banco Baterias (15MN) Bb Titan EA99100 Externo,parcial
CEBBAT-766530,Banco Baterias (30MN) Bb Titan EA99100 Externo,parcial
CEBBAT-766605,Banco Baterías (5min) Powest HV3360 Externo,parcial
CEBBAT-766610,Banco Baterías (10min) Powest HV3360 Externo,parcial
CEBBAT-766615,Banco Baterías (15min) Powest HV3360 Externo,parcial
CEBBAT-766630,Banco Baterías (30min) Powest HV3360 Externo,parcial
CEBBAT-766705,Banco Baterías (5min) Powest HV33120 Externo,parcial
CEBBAT-766710,Banco Baterías (10min) Powest HV33120 Externo,parcial
CEBBAT-766715,Banco Baterías (15min) Powest HV33120 Externo,parcial
CEBBAT-766728,Banco Baterías (28min) Powest HV33120 Externo,parcial
CEBBAT-766805,Banco Baterías (5min) Powest HV33160 Externo,parcial
CEBBAT-766810,Banco Baterías (10min) Powest HV33160 Externo,parcial
CEBBAT-766815,Banco Baterías (15min) Powest HV33160 Externo,parcial
CEBBAT-767104,Banco Baterías (4min) Powest HV33200 Externo,parcial
CEBBAT-767110,Banco Baterías (10min) Powest HV33200 Externo,parcial
CEBBAT-767205,Banco Baterías (5min) Powest HV33250 Externo,parcial
CEBBAT-767305,Banco Baterías (5min) Powest HV33300 Externo,parcial
CEBBAT-767405,Banco Baterías (5min) Powest HV3380 Externo,parcial
CEBBAT-767410,Banco Baterías (10min) Powest HV3380 Externo,parcial
CEBBAT-767415,Banco Baterías (15min) Powest HV3380 Externo,parcial
CEBBAT-767428,Banco Baterías (28min) Powest HV3380 Externo,parcial
CEBBAT-767505,Banco Baterías (5min) Powest HV33100 Externo,parcial
CEBBAT-767510,Banco Baterías (10min) Powest HV33100 Externo,parcial
CEBBAT-767515,Banco Baterías (15min) Powest HV33100 Externo,parcial
CEBBAT-767528,Banco Baterías (28min) Powest HV33100 Externo,parcial
CECABA-7283,Cable Conexión Banco Baterías 2-3KVA,no_encontrado
CECABA-7286,Cable Conexión Banco Baterías 6-10KVA,no_encontrado
CECABA-7293,Cable Conexión Banco Baterías 1-3KVA,no_encontrado
CEELTRA-2259,Transformador de Aislamiento 3KVA Monofásico,parcial
CEELTRA-2260,Transformador de Aislamiento 1KVA Monofásico,parcial
CEELTRA-2272,Transformador de Aislamiento 2KVA Monofásico C,parcial
CEELTRA-2273,Transformador de Aislamiento de 6KVA Bif,parcial
CEELTRA-2274,Transformador de Aislamiento de 10KVA Bif,parcial
CEELTRA-7573,Transformador Aislamiento 10KVA 208/120 Chasis UL,parcial
CEELTRA-7574,Transformador Aislamiento 15KVA 208/120 Chasis UL,parcial
CEELTRA-7575,Transformador Aislamiento 20KVA 208/120 Chasis UL,parcial
CEELTRA-7576,Transformador Aislamiento 10KVA 208/120,parcial
CEELTRA-7577,Transformador Aislamiento 15KVA 208/120,parcial
CEELTRA-7578,Transformador Aislamiento 20KVA 208/120,parcial
CEELTRA-7579,Transformador Aislamiento 30KVA 208/120,parcial
CEELTRA-7580,Transformador Aislamiento 40KVA 208/120,parcial
CEELTRA-7581,Transformador Aislamiento 60KVA 208/120,parcial
CEELTRA-7582,Transformador Aislamiento 80KVA 208/120,parcial
CEELTRA-7583,Transformador Aislamiento 100KVA 208/120,parcial
DS-2AE4215TI-D(E),Camara PTZ TurboHD 15X 2MP IR100m Hikvision,parcial
DS-2AE4225TI-D(E),Camara PTZ TurboHD 25X 2MP IR100m Hikvision,parcial
DS-2AE5225TI-A(E),Camara PTZ Turbo HD 25X 2MP DWDR Color: 0.005 Lux,parcial
DS-2CE10DF0T-F(2.8mm),Camara Turbo 1080P Bala ColorVu 24/7 Hikvision,verificado
DS-2CE10DF0T-FS(2.8mm),Camara Bala 1080P ColorVu 0.001Lux 20m,parcial
DS-2CE10DF0T-LFS(2.8mm),Camara Minibala 1080P ColorVu Híbrida 24/7,parcial
DS-2CE10DF0T-LPFS(2.8mm),Camara Minibala 1080P ColorVu Plástico 20m,parcial
DS-2CE10DF0T-PF(2.8mm),Camara Bala 1080P ColorVu F2.8 20m Plástica,parcial
DS-2CE10DF0T-PFS(2.8mm),Camara Turbo 1080P Bala F28mm 0001LUX F10 24/7,parcial
DS-2CE10DF3T-F(2.8mm),Camara Bala 1080P ColorVu 0.0005Lux 20m Metálica,parcial
DS-2CE10DF3T-FS(2.8mm),Camara Bala TurboHD 1080P ColorVu 20m 2.8mm,parcial
DS-2CE10DF3T-PF(2.8mm),Camara Bala 1080P ColorVu 0.0005Lux 20m Plástica,parcial
DS-2CE10DF3T-PFS(2.8mm),Cámara TurboHD ColorVu Bullet,parcial
DS-2CE10KF0T-FS(2.8mm),Camara Bala 3K ColorVu Audio 20m Metálica,parcial
DS-2CE10KF0T-LFS(2.8mm),Camara Bala TurboHD 3K Híbrida Mic 2.8mm,parcial
DS-2CE10KF0T-LPFS(2.8mm),Camara Bala 3K ColorVu Color 24/7,parcial
DS-2CE10KF0T-PFS(2.8mm),Camara Bala 3K ColorVu Audio 20m Plástica,parcial
DS-2CE10UF3T-E(2.8mm),Camara Bala 4K ColorVu Turret 20m Hikvision,parcial
DS-2CE12DF0T-F(2.8mm),Camara Bala 1080P ColorVu 0.001Lux 40m,parcial
DS-2CE12DF0T-LFS(2.8mm),Camara Bala 1080P ColorVu Híbrida B/N 24/7,parcial
DS-2CE12DF3T-F(2.8mm),Camara Bala 1080P ColorVu 0.0005Lux 40m Metálica,parcial
DS-2CE12DF3T-FS(2.8mm),Camara Bala 2MP ColorVu Audio Color 24/7,parcial
DS-2CE12DF3T-PIRXOS(2.8mm),Camara Bala 1080P ColorVu PIR 40m Metálica,parcial
DS-2CE12KF0T-FS(2.8mm),Camara Bala TurboHD 3K ColorVu Mic 3.6mm,parcial
DS-2CE12KF0T-LFS(2.8mm),Camara Turbo 3K ColorVu Audio Bala Luz Blanca 40 M,parcial
DS-2CE12KF3TP-DLS(180°),Camara Bala 3K ColorVu Dual Light Panorámica,parcial
DS-2CE12UF3T-E(2.8mm),Camara Bala 4K ColorVu Turret 40m Hikvision,parcial
DS-2CE16D0T-IRF(2.8mm)(C),Camara Bala 1080P EXIR IR20m IP66 Metálica,parcial
DS-2CE16D0T-IRPF(2.8mm)(C),Camara Bala 1080P EXIR IR20m IP66 Plástica,parcial
DS-2CE16D0T-ITF(2.8mm)(C),Camara Bala TurboHD 1080P EXIR IR30m 2.8mm,parcial
DS-2CE16D0T-ITF(3.6mm)(C),Camara Mini Bala 1080P EXIR IR30m 3.6mm Metálica,parcial
DS-2CE16D0T-ITFS(2.8mm),Camara Mini Bala 1080P Audio EXIR IR30m 2.8mm,parcial
DS-2CE16D0T-ITPF(2.8mm)(C),Camara Bala 1080P EXIR Smart IR20m 2.8mm Plástica,parcial
DS-2CE16D0T-ITPF(3.6mm)(C),Camara Bala 1080P EXIR Smart IR20m 3.6mm Plástica,parcial
DS-2CE16D0T-ITPFS(2.8mm),Camara Bala 1080P Audio Coaxial Micrófono EXIR,parcial
DS-2CE16D0T-LPFS(2.8mm),Camara Bala TurboHD 1080P ColorVu Dual Light,parcial
DS-2CE16D0T-LTS(2.8mm),Camara Bala TurboHD 2MP 1080P Dual Light 2.8mm,parcial
DS-2CE16D0T-LXTS(2.8mm),Camara Minibala 2MP Sirena Audio Bidireccional,parcial
DS-2CE16D0T-VFIR3F(2.8-12mm),Camara Bala 1080P Varifocal 12mm IR40m IP66,parcial
DS-2CE16D3T-ITF(2.8mm),Camara Minibala 2MP Luz Ultrabaja EXIR 2.0,parcial
DS-2CE16D8T-IT3ZF(2.7-13.5mm),Camara Bala 2MP Varifocal Motorizada Luz Ultrabaja,parcial
DS-2CE16H0T-ITF(2.4mm)(C),Camara Bala 5MP TurboHD IR30m 2.4mm,parcial
DS-2CE16H0T-ITF(2.8mm)(C),Camara Bala 5MP Exterior IR30m IP67 Smart,parcial
DS-2CE16H0T-ITFS(2.8mm),Camara Bala 5MP Micrófono Audio Coaxial 2.8mm,parcial
DS-2CE16H0T-ITPF(2.4mm)(C),Camara Bala 5MP TurboHD Smart IR 2.4mm,parcial
DS-2CE16H0T-ITPF(2.8mm)(C),Camara Bala 5MP TurboHD Smart IR 2.8mm,parcial
DS-2CE16H0T-ITPF(3.6mm)(C),Camara Bala 5MP TurboHD Smart IR 3.6mm,parcial
DS-2CE16H0T-ITPFS(2.8mm),Audio por Coaxitron,parcial
DS-2CE16K0T-LFS(2.8mm),Camara Mini Bala 3K Hibrida ColorVu IR 30m,parcial
DS-2CE16K0T-LPFS(2.8mm),Camara Mini Bala 3K Hibrida ColorVu IR 25m,parcial
DS-2CE16K0T-LTS(2.8mm),Minibala Fija con Audio Bidireccional de 3K,parcial
DS-2CE16K0T-LXTS(2.8mm),Camara Minibala 3K Smart Light Sirena Audio 2.8mm,parcial
DS-2CE16U1T-IT1F(2.8mm),Camara Bala 8MP EXIR IR30m 2.8mm Semimetal,parcial
DS-2CE16U1T-IT1F(3.6mm),Camara Bala 8MP EXIR IR30m 3.6mm Semimetal,parcial
DS-2CE16U1T-IT3F(2.8mm),Camara Bala 8MP EXIR IR60m 2.8mm Semimetal,parcial
DS-2CE16U1T-IT3F(3.6mm),Camara Bala 8MP EXIR IR60m 3.6mm Semimetal,parcial
DS-2CE16U1T-IT5F(3.6mm),Camara Bala 8MP EXIR IR80m 3.6mm Semimetal,parcial
DS-2CE16U1T-ITF(2.8mm),Camara Bala 8MP EXIR IR30m 2.8mm Metálica,parcial
DS-2CE16U1T-ITF(3.6mm),Camara Bala 8MP EXIR IR30m 3.6mm Metálica,parcial
DS-2CE16U1T-ITPF(2.8mm),Camara Bala 8MP EXIR IR30m 2.8mm Plástica,parcial
DS-2CE16U1T-ITPF(3.6mm),Camara Bala 8MP EXIR IR30m 3.6mm Plástica,parcial
DS-2CE17D0T-IT1F(2.8mm)(C),Camara Bala 1080P EXIR IR30m 2.8mm Semimetal,parcial
DS-2CE17D0T-IT1F(3.6mm)(C),Camara Bala 1080P EXIR IR30m 3.6mm Semimetal,parcial
DS-2CE17D0T-IT3F(2.8mm)(C),Camara Bala 1080P EXIR IR40m 2.8mm Semimetal,parcial
DS-2CE17D0T-IT3F(3.6mm)(C),Camara Bala 1080P EXIR IR40m 3.6mm Semimetal,parcial
DS-2CE17D0T-IT3FS(2.8mm),Camara Bala 2MP Audio IR40m Micrófono 2.8mm,parcial
DS-2CE17D0T-IT3FS(3.6mm),Camara Bala 2MP Audio IR40m Micrófono 3.6mm,parcial
DS-2CE17D0T-IT5F(3.6mm)(C),Camara Bala 1080P EXIR IR80m 3.6mm Semimetal,parcial
DS-2CE17D0T-LFS(2.8mm),Camara Bala 1080P Audio EXIR IR40m Híbrida,parcial
DS-2CE17H0T-IT1F(2.4mm)(C),Camara Bala 5MP IR30m Lente 2.4mm Hikvision,parcial
DS-2CE17H0T-IT1F(2.8mm)(C),Camara Bala 5MP IR30m Lente 2.8mm Hikvision,parcial
DS-2CE17H0T-IT1F(3.6mm)(C),Camara Bala 5MP IR30m Lente 3.6mm Hikvision,parcial
DS-2CE17H0T-IT3F(2.8mm)(C),Camara Bala 5MP EXIR IR40m 2.8mm Semimetal,parcial
DS-2CE17H0T-IT3F(3.6mm)(C),Camara Bala 5MP EXIR IR40m 3.6mm Semimetal,parcial
DS-2CE17H0T-IT3FS(2.8mm),Camara Bala 5MP EXIR 40m Lente 2.8mm Hikvision,parcial
DS-2CE17H0T-IT3FS(3.6mm),Camara Bala 5MP EXIR 40m Lente 3.6mm Hikvision,parcial
DS-2CE17H0T-IT5F(3.6mm)(C),Camara Bala 5MP EXIR IR80m Semimetal,parcial
DS-2CE17K0T-LFS(2.8mm),Camara Bala 3K ColorVu Híbrida 40m Exterior,parcial
DS-2CE17K0T-LXTS(2.8mm),Camara Minibala 3K Smart Light Sirena Audio 2.8mm,parcial
DS-2CE18D0T-LFS(2.8mm),Camara Bala 1080P Audio EXIR IR60m Híbrida,parcial
DS-2CE19D0T-VFIT3F(2.7-13.5mm)(C),Camara Bala 1080P Varifocal 2.7-13.5 IR40m,parcial
DS-2CE19H0T-AIT3ZF(2.7-13.5mm)(C),Camara Bala 5MP Varifocal Motorizada 2.7-13.5,parcial
DS-2CE19H8T-AIT3ZF(2.7-13.5mm),Camara Bala 5MP Varifocal Motorizada Luz Ultrabaja,parcial
DS-2CE19U1T-AIT3ZF(2.7-13.5mm),Bala TurboHD 4K (8 Megapixeles),parcial
DS-2CE19U1T-IT3ZF(2.7-13.5mm),Camara Bala 8MP Varifocal Motorizada IR80m,parcial
DS-2CE56D0T-IRF(2.8mm)(C),Camara Turret 1080P IR20m IP66 Semimetal 2.8mm,parcial
DS-2CE56D0T-IRMF(2.8mm)(C),Camara Turret 1080P EXIR IP66 Metálica 2.8mm,parcial
DS-2CE56D0T-IRMMF(2.8mm)(C),Cámara Domo Fija para Interiores de 2 MP,parcial
DS-2CE56D0T-IRPF(2.8mm)(C),Camara Turret 1080P IR20m IP66 Plástica 2.8mm,parcial
DS-2CE56D0T-IT1F(2.8mm)(C),Camara Turret 1080P EXIR IR20m 2.8mm Plástica,parcial
DS-2CE56D0T-IT1F(3.6mm)(C),Camara Turret 1080P EXIR IR20m 3.6mm Plástica,parcial
DS-2CE56D0T-IT3F(2.8mm)(C),Camara Turret 1080P EXIR IR40m 2.8mm Plástica,parcial
DS-2CE56D0T-IT3F(3.6mm)(C),Camara Turret 1080P EXIR IR40m 3.6mm Plástica,parcial
DS-2CE56H0T-IRMMF(2.8mm)(C),Camara Domo 5MP EXIR IR20m 2.8mm Plástica,parcial
DS-2CE56H0T-IRMMF(3.6mm)(C),Camara Domo 5MP EXIR IR20m 3.6mm Plástica,parcial
DS-2CE56U1T-AITZF(2.7-13.5mm),Camara Domo 4K Varifocal Motorizada Interior,parcial
DS-2CE56U1T-ITZF(2.7-13.5mm),Camara Domo 4K Varifocal Interior IP67 IR60m,parcial
DS-2CE57H0T-VPITF(2.8mm)(C),Camara Domo 5MP Antivandálica EXIR IR40m 2.8mm,parcial
DS-2CE57U1T-VPITF(2.8mm),Camara Domo 8MP Antivandálico IK10 IR30m 2.8mm,parcial
DS-2CE57U1T-VPITF(3.6mm),Camara Domo 8MP Antivandálico IK10 IR30m 3.6mm,parcial
DS-2CE59H8T-AVPIT3ZF(2.7-13.5mm),Camara Domo 5MP Varifocal Antivandálica Iluminada,parcial
DS-2CE59U1T-AVPIT3ZF(2.7-13.5mm),Camara Domo 4K Varifocal Antivandálica IP67,parcial
DS-2CE59U1T-VPIT3ZF(2.7-13.5mm),Camara Domo 8MP Varifocal Motorizada IR60m IK10,parcial
DS-2CE5AH0T-AVPIT3ZF/2.7-13.5mm/C,Camara Domo 5MP Antivandálico IK10 IR40m 2.7mm,parcial
DS-2CE5AU1T-AVPIT3ZF(2.7-13.5mm),Domo TurboHD 4K (8 Megapixel,parcial
DS-2CE5AU1T-VPIT3ZF(2.7-13.5mm),Camara Domo 4K Varifocal Antivandálica Autofocus,parcial
DS-2CE70D0T-PTLXTS(2.8mm),Camara Turret TurboHD 1080P Dual Light 40m,parcial
DS-2CE70DF0T-LMFS(2.8mm),Camara Turret TurboHD 1080P ColorVu Dual Light,parcial
DS-2CE70DF0T-LPFS(2.8mm),Camara Minidomo 1080P ColorVu Híbrida 24/7,parcial
DS-2CE70DF0T-MF(2.8mm),Camara Turret 1080P ColorVu 0.001Lux 20m Metálica,parcial
DS-2CE70DF0T-MFS(2.8mm),Camara Turret 1080P ColorVu 0.001Lux 20m Metálica,parcial
DS-2CE70DF0T-PF(2.8mm),Camara Turret 1080P ColorVu 0.001Lux 20m Plástica,parcial
DS-2CE70DF0T-PFS(2.8mm),Camara Tubo Turret 2MP ColorVu 20m Hikvision,parcial
DS-2CE70DF3T-MF(2.8mm),Camara Turret 1080P ColorVu 0.0005Lux 20m Metálica,parcial
DS-2CE70DF3T-MFS(2.8mm),Camara Turret 1080P ColorVu 0.0005Lux 20m Metálica,parcial
DS-2CE70DF3T-PF(2.8mm),Camara Turret 1080P ColorVu 0.0005Lux 20m Plástica,parcial
DS-2CE70DF3T-PFS(2.8mm),Camara Turret 2MP Audio Interior ColorVu 2.8mm,parcial
DS-2CE70DF3T-PFS(3.6mm),Camara Turret 2MP Audio Interior ColorVu 3.6mm,parcial
DS-2CE70K0T-PTLXTS(2.8mm),Camara Turret 3K c/Audio y Sirena,parcial
DS-2CE70KF0T-LPFS(2.8mm),Camara Turret 3K Interior Luz Híbrida Inteligente,parcial
DS-2CE70KF0T-PFS(2.8mm),Camara Turret 3K ColorVu Luz Blanca 20m Plástica,parcial
DS-2CE72DF0T-F(2.8mm),Camara Turret 1080P ColorVu 0.001Lux 40m Semimetal,parcial
DS-2CE72DF0T-FS(2.8mm),Camara Turret 1080P ColorVu 0.001Lux 40m Semimetal,parcial
DS-2CE72DF0T-LFS(2.8mm),Camara Turret 2MP ColorVu Luz Híbrida Inteligente,parcial
DS-2CE72DF3T-F(2.8mm),Camara Turret 1080P ColorVu 0.0005Lux 40m 2.8mm,parcial
DS-2CE72DF3T-F(3.6mm),Camara Turret 1080P ColorVu 0.0005Lux 40m 3.6mm,parcial
DS-2CE72DF3T-FS(2.8mm),Camara Turret 2MP ColorVu Audio 2.8mm,parcial
DS-2CE72DF3T-FS(3.6mm),Camara Turret 2MP ColorVu Audio 3.6mm,parcial
DS-2CE72DF3T-PIRXOS(2.8mm),Camara Turret 1080P ColorVu 0.0005Lux PIR 20m,parcial
DS-2CE72KF0T-LFS(2.8mm),Camara Turret 3K ColorVu Híbrida Inteligente,parcial
DS-2CE72KF3TP-DLS(180°),[colorvu] Turret TurboHD 3K (5 Megapixel,parcial
DS-2CE72UF3T-E(2.8mm),Camara Turret 4K ColorVu 0.0005Lux 40m,parcial
DS-2CE76D0T-ITMF(2.8mm)(C),Camara Turret 1080P EXIR 2.0 Smart IR30m 2.8mm,parcial
DS-2CE76D0T-ITMFS(2.8mm),Camara Turret 1080P Micrófono Smart IR30m 2.8mm,parcial
DS-2CE76D0T-ITMFS(3.6mm),Camara Turret 1080P Micrófono Smart IR30m 3.6mm,parcial
DS-2CE76D0T-ITPF(2.8mm)(C),Camara Turret 2MP Interior EXIR 2.0 Smart,parcial
DS-2CE76D0T-ITPFS(3.6mm),Camara Turret 1080P Audio IR20m 3.6mm Plástica,parcial
DS-2CE76D0T-LMFS(2.8mm),Camara Turret 1080P Audio IR30m 2.8mm Metálica,parcial
DS-2CE76D0T-LPFS(2.8mm),Camara Turret 1080P Audio IR20m 2.8mm Plástico,parcial
DS-2CE76D3T-ITMF(2.8mm),Camara Turret 2MP Luz Ultrabaja EXIR 2.0,parcial
DS-2CE76H0T-ITMF(2.8mm)(C),Camara Turret 5MP EXIR 2.0 IR30m 2.8mm Metálica,parcial
DS-2CE76H0T-ITMF(3.6mm)(C),Camara Turret 5MP EXIR 2.0 IR30m 3.6mm Metálica,parcial
DS-2CE76H0T-ITMFS(2.8mm),Camara Turret 5MP Audio Coaxial IR30m 2.8mm,parcial
DS-2CE76H0T-ITPF(2.8mm)(C),Camara Turret 5MP Gran Angular 85° 2.8mm,parcial
DS-2CE76H0T-ITPF(3.6mm)(C),Camara Turret 5MP EXIR IR20m 3.6mm Plástica,parcial
DS-2CE76H0T-ITPFS(2.8mm),Camara Turret 5MP Micrófono Audio IR20m 2.8mm,parcial
DS-2CE76K0T-LMFS(2.8mm),Camara Turret 3K ColorVu Híbrida 20m Metálica,parcial
DS-2CE76K0T-LPFS(2.8mm),Camara Turret 3K ColorVu Híbrida 20m Plástica,parcial
DS-2CE76U1T-ITMF(2.8mm),Camara Turret 8MP EXIR 2.0 IR30m 2.8mm,parcial
DS-2CE76U1T-ITPF(2.8mm),Camara Turret 8MP EXIR IR30m 2.8mm Plástica,parcial
DS-2CE78D0T-LTS(2.8mm),Camara Turret TurboHD 1080P Dual Light 40m,parcial
DS-2CE78D0T-LXTS(2.8mm),Cámara Turret Sirena y Audio Bidireccional 2 MP,parcial
DS-2CE78H0T-IT1F(3.6mm)(C),Camara Turret 5MP EXIR IR30m 3.6mm IP67,parcial
DS-2CE78H0T-IT3F(2.8mm)(C),Camara Turret 5MP EXIR IR40m 2.8mm IP67,parcial
DS-2CE78H0T-IT3FS(2.8mm),Camara Turret 5MP Micrófono Audio IR40m 2.8mm,parcial
DS-2CE78K0T-LFS(2.8mm),Camara Turret 3K ColorVu Híbrida IR40m 2.8mm,parcial
DS-2CE78K0T-LTS(2.8mm),Torreta Fija con Audio Bidireccional de 3K,parcial
DS-2CE78K0T-LXTS(2.8mm),Camara Turret 3K c/Audio Alarma de Luz,parcial
DS-2CE78U1T-IT1F(2.8mm),Camara Turret 8MP EXIR IR30m 2.8mm Metálica,parcial
DS-2CE78U1T-IT3F(2.8mm),Camara Turret 4K EXIR IR60m 2.8mm,parcial
DS-2CE78U1T-IT3F(3.6mm),Camara Turret 4K EXIR IR60m 3.6mm,parcial
DS-2CE79D0T-VFIT3F(2.7-13.5mm)(C),Camara Turret 1080P Varifocal 2.7-13.5 IR40m,parcial
DS-2CE79H0T-IT3ZF(2.7-13.5mm)(C),Camara Domo 5MP Varifocal Motorizada IR40m,parcial
DS-2CE79U1T-IT3ZF(2.7-13.5mm),Camara Turret 8MP Varifocal Motorizada IR60m,parcial
DS-7104HGHI-M1(C),DVR 4CH Turbo 1080P Lite H.265+ AcuSense Hikvision,verificado
DS-7104HGHI-M1/T,DVR Lite Mini 1U 4CH 1080P,parcial
DS-7108HGHI-M1(C),DVR 8CH Turbo 1080P Lite 4TB AcuSense,parcial
DS-7108HGHI-M1/T,DVR Lite Mini 1U 8CH 1080P,parcial
DS-7116HGHI-M1(C),DVR 16CH Turbo Mini 720P 10TB AcuSense,parcial
DS-7204HGHI-K1(S),DVR Lite 1U 4CH 1080P Clasificación Objetos,parcial
DS-7204HGHI-M1(C),DVR 4CH Turbo 4TB 30FPS AcuSense,parcial
DS-7204HGHI-M1/T,DVR Lite Mini 1U 4CH 1080P Metálico,parcial
DS-7208HGHI-M1(C),DVR 8CH Turbo 1080P Lite 4TB Hikvision,parcial
DS-7216HGHI-M1(C),DVR 16CH Turbo 1080P Lite 10TB Hikvision,parcial
DS-7232HGHI-M2,DVR 32CH Turbo 1080P Lite 10TB Hikvision,parcial
DS-E04HGHI-B,DVR 4CH 1080P eSSD 480GB Compacto,parcial
DS-E08HGHI-B,DVR 8CH 1080P eSSD 480GB AcuSense,parcial
DS-E08HGHI-D,DVR 8CH 1080P eSSD 960GB Compacto,parcial
ECR18PLUS,Electrificador Cerca Eléctrica 18000V Pulso 0.5J,parcial
iDS-7104HQHI-M1/S(C),DVR 4CH Mini Turbo 4MP Lite 10TB AcuSense,parcial
iDS-7108HQHI-M1/S(C),DVR 8CH Turbo 4MP Lite 10TB AcuSense 15FPS,parcial
iDS-7116HQHI-M1/S(E),DVR AcuSense Mini 1U 16CH 1080P,parcial
iDS-7204HQHI-M1/XT,DVR 4CH Hikvision 1080P + 2 Canales IP,parcial
iDS-7204HUHI-M1/FA(C)/4A+4/1ALM,DVR 4CH Turbo 5MP 10TB Detección Facial,parcial
iDS-7204HUHI-M1/S(C)/4A+4/1ALM,DVR 4CH Turbo 8MP 10TB Analíticas 30FPS Metal,parcial
iDS-7204HUHI-M1/XT,DVR 4 Canales TurboHD + 4 Canales IP,parcial
iDS-7204HUHI-M2/FA(C),DVR AcuSense 4CH 5MP Facial 1U,parcial
iDS-7204HUHI-M2/S(C),DVR AcuSense 4CH 5MP 1U,parcial
iDS-7208HQHI-M1/FA(C),DVR 8CH Turbo 4MP 10TB Reconocimiento Facial,parcial
iDS-7208HQHI-M1/XT,DVR AcuSense 4MP 8 Canales TurboHD Hikvision,parcial
iDS-7208HQHI-M2/S(C),DVR 8CH Turbo 4MP 10TB Analíticas 30FPS 2Bahías,parcial
iDS-7208HQHI-M2/XT,DVR AcuSense de 8 Canales,parcial
iDS-7208HTHI-M2/S(C)/4A+8/4ALM,DVR 8CH Turbo 8MP AcuSense 15FPS,parcial
iDS-7208HUHI-M1/S(C)/4A+8/4ALM,DVR 8CH Turbo 8MP 10TB Analíticas 1Bahía,parcial
iDS-7208HUHI-M1/X,DVR AcuSense 8MP 8 Canales TurboHD Hikvision,parcial
iDS-7208HUHI-M1/XT,DVR 8 Canales TurboHD + 8 Canales IP,parcial
iDS-7208HUHI-M1/XT/4A+8/4ALM,DVR 8CH Turbo 5MP 12TB Hikvision,parcial
iDS-7208HUHI-M2/FA,"DVR 8mp/8 Canales, AcuSense Rec",parcial
iDS-7208HUHI-M2/S(C),DVR 8CH Turbo 8MP 10TB Analíticas 2Bahías,parcial
iDS-7216HQHI-M1/XT,DVR 16 Canales TurboHD + 8 Canales IP,parcial
iDS-7216HQHI-M2/FA,DVR AcuSense 16CH 1080P Facial 1U,parcial
iDS-7216HUHI-M2/X/4A+16/4ALM,Hikpro,parcial
iDS-7216HUHI-M2/XT,DVR 16CH TurboHD 4K + 16CH IP Audio Bidir.,parcial
iDS-7216HUHI-M2/XT/4A+16/4ALM,DVR 16CH TurboHD 4K + 16CH IP Audio Coax,parcial
iDS-7232HQHI-M2/XT,DVR 32CH TurboHD 5MP Lite + 8CH IP,parcial
iDS-7332HQHI-M4/S,DVR 4MP 32CH TurboHD + 16CH IP 4Bahías,parcial
iDS-7332HUHI-M4/S,DVR 32CH Turbo 5MP 12TB Analíticas Hikvision,parcial
iDS-8116HQHI-M8/S,DVR 4MP 16CH TurboHD + 4CH IP 8Bahías,parcial
iDS-9016HUHI-M8/S,DVR AcuSense 16CH 8MP Lite 2U,parcial
iDS-9032HQHI-M8/S,DVR AcuSense 32CH 3K 2U,parcial
iDS-9032HUHI-M8/S,DVR AcuSense 32CH 4K Lite 2U,parcial
iDS-E04HQHI-D,DVR 4CH 1080P eSSD 960GB AcuSense,parcial
IDX-2001-PET,Detector de Movimiento Dual Cableado Interior,parcial
JFL-AVISO,Aviso Cerco Electrico,parcial
KL2V2,Llavero YONUSA Energizadores Cercos Eléctricos,parcial
LZ-550,Detector Movimiento PIR + Microondas 115° 15m,parcial
MAN001,Manigueta para Cercados Eléctricos,no_encontrado
ME05-WB-V2,Módulo Ethernet Alarmas JFL,parcial
NBAC-3510,Bandeja Completa Ventilada 1 u x 35 CM Ajustable,parcial
NBAC-5510,Bandeja Completa Ventilada 1 u x 55 CM Ajustable,parcial
NBAC-6510,Bandeja Completa Ventilada 1 u x 65 CM Ajustable,parcial
NBAD-3510,Bandeja Deslizable Ventilada 1 u x 35 CM,parcial
NBAD-6510,Bandeja Deslizable Ventilada 1 u x 65 CM,parcial
NBAS-3020,Bandeja Sencilla Ventilada 2 u x 30 CM,parcial
NBAS-3510,Bandeja Sencilla Ventilada 1 u x 35 CM,parcial
NCONS-2294,Consola 1U Monitor Teclado Mouse con Switch KVM 8,parcial
NERM042-8042,Panel Solar 40W SET 2 Und Powest,parcial
NERM062-8062,Panel Solar 60W SET 2 Und Powest,parcial
NERM120-8120,Panel Solar Mono PERC 120W Powest,parcial
NERM160-8160,Panel Solar Mono PERC 160W Powest,parcial
NERM300-8300,Panel Solar Mono PERC 300W Powest,parcial
NERM360-8360,Panel Solar Mono PERC 360W Powest,parcial
NERM450-8450,Panel Solar Mono HC PERC 450W Powest,parcial
NERM550-8550,Panel Solar Mono HC 550W Powest,parcial
NERMC4-8800,Set de Conectores MC4 Hembra-Macho,no_encontrado
NERMC4-8804,Set de Conectores Powest MC4 Hembra-Macho 5Und,no_encontrado
NERMC4T-8801,Set de Conectores Tipo T MC4T Hembra-Macho,no_encontrado
NERMC4Y-8802,Set de Conectores Tipo Y MC4Y Hembra-Macho,no_encontrado
NERRG3000-3300,Controlador de Cargador Solar 3KW,parcial
NFPC-0006,Face Plate Cuádruple,no_encontrado
NFPD-0005,Face Plate Doble,no_encontrado
NFPS-0004,Face Plate Sencillo,no_encontrado
NFU6AL-1606,Cable F/UTP CAT 6A LSZH 305m,no_encontrado
NGBP-10044,Gabinete Piso 80 x 100 x 40U AXPXAL,parcial
NGBP-10045,Gabinete Piso 80 x 100 x 45U AXPXAL,parcial
NGBP-6014,Gabinete Piso 60 x 60 x 14U AXPXAL,parcial
NGBP-6020,Gabinete Piso 60 x 60 x 20U AXPXAL,parcial
NGBP-6028,Gabinete Piso 60 x 60 x 28U AXPXAL,parcial
NGBP-6034,Gabinete Piso 60 x 60 x 34U AXPXAL,parcial
NGBP-6040,Gabinete Piso 60 x 60 x 40U AXPXAL,parcial
NGBP-6045,Gabinete Piso 60 x 60 x 45U AXPXAL,parcial
NGBP-8034,Gabinete Piso 60 x 80 x 34U AXPXAL,parcial
NGBP-8040,Gabinete Piso 60 x 80 x 40U AXPXAL,parcial
NGBP-8045,Gabinete Piso 60 x 80 x 45U AXPXAL,parcial
NGBPR-6305,Gabinete Pared 60 x 35 x 5U AXPXAL,parcial
NGBPR-6501,Gabinete Pared 60 x 50 x 11U AXPXAL,parcial
NGBPR-6505,Gabinete Pared 60 x 50 x 6U AXPXAL,parcial
NGBPR-6509,Gabinete Pared 60 x 50 x 9U AXPXAL,parcial
NHMDI-0007,Unión HDMI para Faceplate,no_encontrado
NJ6A-1600,Jack CAT 6A FTP,no_encontrado
NJA5E-0500,Jack CAT 5E UTP Azul,no_encontrado
NJA6-0601,Jack CAT 6 UTP Azul,no_encontrado
NJA6A-3602,Jack CAT 6A UTP Azul,no_encontrado
NJN6-3600,Jack CAT 6 UTP Negro,no_encontrado
NJN6A-3603,Jack CAT 6A UTP Negro,no_encontrado
NJR5E-1500,Jack CAT 5E UTP Rojo,no_encontrado
NJR6-2600,Jack CAT 6 UTP Rojo,no_encontrado
NJR6A-3601,Jack CAT 6A UTP Rojo,no_encontrado
NKITB-2293,Kit de Barraje Tierra,parcial
NKITV-2317,Kit de Ventilacion Doble con Chasis,parcial
NKITV-2318,Kit de Ventilacion Doble con Termostato,parcial
NKTOR-2295,Kit Tornillería 50 Tuercas 50 Tornillos M6,no_encontrado
NLB-0009,Botas,no_encontrado
NMNET-7259,Supresor de Picos de 8 Salidas Multinet 8T,parcial
NMNET-7514,Supresor de Picos Blanco de 4 Salidas Multinet 4TB,parcial
NMNET-7516,Supresor de Picos Blanco de 6 Salidas Multinet 6TB,parcial
NMNET-7549,Supresor de Picos Negro de 4 Salidas Multinet 4TN,parcial
NMNET-7550,Supresor de Picos Negro de 6 Salidas Multinet 6TN,parcial
NMULT-2289,Multitoma Tierra Aislada 6 Salidas - Rack PDU,parcial
NMULT-2290,Multitoma Tierra Aislada 12 Salidas - Rack PDU,parcial
NORCP-2302,Organizador de Cables Plastico,parcial
NORHM-2401,Organizador Horizontal Metalico 1U,parcial
NORHM-2402,Organizador Horizontal Metalico 2U,parcial
NORHP-2403,Organizador Horizontal Plastico 1U,parcial
NORHP-2404,Organizador Horizontal Plastico 2U,parcial
NORV-8040,Organizador Vertical para Gabinete 80 x 40U AXAL,parcial
NPC5E10A-0510,Patch Cord CAT 5E 10ft Azul,no_encontrado
NPC5E10R-1510,Patch Cord CAT 5E 10ft Rojo,no_encontrado
NPC5E3A-0503,Patch Cord CAT 5E 3ft Azul,no_encontrado
NPC5E3R-1503,Patch Cord CAT 5E 3ft Rojo,no_encontrado
NPC5E7A-0507,Patch Cord CAT 5E 7ft Azul,no_encontrado
NPC5E7R-1507,Patch Cord CAT 5E 7ft Rojo,no_encontrado
NPC610A-0610,Patch Cord CAT 6 10ft Azul,no_encontrado
NPC610R-2610,Patch Cord CAT 6 10ft Rojo,no_encontrado
NPC63A-0603,Patch Cord CAT 6 3ft Azul,no_encontrado
NPC63R-2603,Patch Cord CAT 6 3ft Rojo,no_encontrado
NPC65A-0605,Patch Cord CAT 6 5ft Azul,no_encontrado
NPC65R-2605,Patch Cord CAT 6 5ft Rojo,no_encontrado
NPC67A-0607,Patch Cord CAT 6 7ft Azul,no_encontrado
NPC67R-2607,Patch Cord CAT 6 7ft Rojo,no_encontrado
NPC6A10A-1610,Patch Cord U/FTP CAT 6A 10ft Azul,no_encontrado
NPC6A10AU-4610,Patch Cord UTP CAT 6A 10ft Azul,no_encontrado
NPC6A10R-3610,Patch Cord U/FTP CAT 6A 10ft Rojo,no_encontrado
NPC6A10RU-5610,Patch Cord UTP CAT 6A 10ft Rojo,no_encontrado
NPC6A3A-1603,Patch Cord U/FTP CAT 6A 3ft Azul,no_encontrado
NPC6A3AU-4603,Patch Cord UTP CAT 6A 3ft Azul,no_encontrado
NPC6A3R-3603,Patch Cord U/FTP CAT 6A 3ft Rojo,no_encontrado
NPC6A3RU-5603,Patch Cord UTP CAT 6A 3ft Rojo,no_encontrado
NPC6A5A-1605,Patch Cord U/FTP CAT 6A 5ft Azul,no_encontrado
NPC6A5AU-4605,Patch Cord UTP CAT 6A 5ft Azul,no_encontrado
NPC6A5R-3605,Patch Cord U/FTP CAT 6A 5ft Rojo,no_encontrado
NPC6A5RU-5605,Patch Cord UTP CAT 6A 5ft Rojo,no_encontrado
NPC6A7A-1607,Patch Cord U/FTP CAT 6A 7ft Azul,no_encontrado
NPC6A7AU-4607,Patch Cord UTP CAT 6A 7ft Azul,no_encontrado
NPC6A7R-3607,Patch Cord U/FTP CAT 6A 7ft Rojo,no_encontrado
NPC6A7RU-5607,Patch Cord UTP CAT 6A 7ft Rojo,no_encontrado
NPP5E24-0524,Patch Panel Cat 5E 24 Puertos 1U,parcial
NPP624-0624,Patch Panel Cat 6 24 Puertos 1U,parcial
NPP6A24-1624,Patch Panel Cat 6A 24 Puertos 1U,parcial
NPPGEN-5624,Port Panel CAT 5E/6/6A 24 Puertos,no_encontrado
NPRAIR-7250,Protector Voltaje 120V Airmatic,parcial
NPRAIR-7252,Protector Voltaje 220V/20A Airmatic,parcial
NPRLAV-7258,Protector de Voltaje 120V Lavomatic,parcial
NPRMUL-7256,Multipro Multitoma 6 Salidas Multipro 6T,parcial
NPRMUL-7280,Protector Voltaje 120V Multimatic 120,parcial
NPRREF-7281,Protector Voltaje 120V Refrimatic,parcial
NRJ5E-0502,Conector RJ45 CAT 5E,no_encontrado
NRJ6-0602,Conector RJ45 CAT 6,no_encontrado
NRJ6AF-3606,Conector RJ45 CAT 6A FTP,no_encontrado
NRJ6AU-2606,Conector RJ45 CAT 6A UTP,no_encontrado
NRJ6F-0606,Conector RJ45 CAT 6 FTP,no_encontrado
NRP2200-7313,Regulador de Voltaje Powest 2200 VA,parcial
NRPC1000-7312,Regulador Electronico de Voltaje PROPC1000,parcial
NRPRO-7462,Combo Protectores Refrimatic + Multimatic,parcial
NTA1U-2296,Tapa Ciega 1U,no_encontrado
NTA2U-2297,Tapa Ciega 2U,no_encontrado
NTFN-0009,Tapa Espacio Negro,no_encontrado
NTFP-0008,Tapa Espacio Blanco,no_encontrado
NUEVO AUACKAR201B ANTES AUACKAR200B,Kit Apertura Central Enrollables 200kg Accessmatic,parcial
NUEVO AUACKAR201F ANTES AUACKAR200F,Kit Apertura Central Enrollables 200kg Accessmatic,parcial
NUEVO AUACKAR382B ANTES AUACKAR380B,Kit Apertura Central Enrollables 380kg Accessmatic,parcial
NUEVO AUACKAR382F ANTES AUACKAR380F,Kit Apertura Central Enrollables 380kg Accessmatic,parcial
NUHIB-7504,Inversor Solar All In One 3KVA On-grid,parcial
NUHIB-7510,Inversor Solar All In One 1KVA,parcial
NUHIB-7565,Inversor Solar All In One 6KVA On-grid,parcial
NUHIB-7592,Inversor Solar AIO 12KVA On-Grid IP65,parcial
NUIMN-7268,UPS Interactiva 500-UPS500,parcial
NUIMN-7269,UPS Interactiva 750VA Micronet 750,parcial
NUIMN-7278,UPS Interactiva 3000VA MICRONET3000,parcial
NUIMN-7279,UPS Powest Interactiva 625VA,parcial
NUIMN-7282,UPS Powest Interactiva 1250VA,parcial
NUIMN-7287,UPS Powest Interactiva 2200VA,parcial
NUOLT-7283,UPS On Line 3KVA Powest 3KVA,parcial
NUOLT-7284,UPS On Line 6KVA Powest 6KVA,parcial
NUOLT-7286,UPS On Line 10KVA Powest 10KVA,parcial
NUOLT-7292,UPS On Line 1000VA Powest 1KVA,parcial
NUOLT-7306,UPS On Line 2KVA Powest 2KVA,parcial
NUOLT-7380,UPS On Line 3KVA Powest 3KVA Rack,parcial
NUOLT-7381,UPS On Line 6KVA Powest 6KVA Rack,parcial
NUOLT-7389,UPS On Line 10KVA Powest 10KVA Rack,parcial
NUOLT-7398,Modulo 10KVA UPS On Line Modular Powest RM9910,parcial
NUOLT-7401,UPS Online Powest Winner 1KVA,parcial
NUOLT-7402,UPS Online Powest Winner 2KVA,parcial
NUOLT-7403,UPS Online Powest Winner 3KVA,parcial
NUOLT-7404,UPS Online Powest Winner 6KVA,parcial
NUOLT-7405,UPS Online Powest Winner 10KVA,parcial
NUOLT-7406,UPS On Line 3KVA Powest 3KVA 220,parcial
NUOLT-7456,UPS On Line 1KVA Powest 1KVA Rack,parcial
NUOLT-7571,UPS Powest EA9910 UL 10 KVA + Banco de Baterias,parcial
NUOLT-7572,UPS Powest EA9915 UL 15 KVA + Banco de Baterias,parcial
NUOLT-7573,UPS Powest EA9920 UL 20 KVA + Banco de Baterias,parcial
NUOLT-7580,UPS Powest EA9930 30 KVA + Banco de Baterias,parcial
NUOLT-7581,UPS Powest EA9960 60KVA,parcial
NUOLT-7647,UPS Powest EA9940 40KVA,parcial
NUOLT-7648,UPS Powest EA9980 80KVA,parcial
NUOLT-7652,UPS On Line 1KVA Powest 1KVA 220,parcial
NUOLT-7665,Powest EA99100 100KVA,parcial
NUOLT-7666,UPS Powest HV3360 60KVA,parcial
NUOLT-7667,UPS Powest HV33120 120KVA,parcial
NUOLT-7668,UPS Powest HV33160 160KVA,parcial
NUOLT-7671,UPS Powest HV33200 200KVA,parcial
NUOLT-7672,UPS Powest HV33250 250KVA,parcial
NUOLT-7673,UPS Powest HV33300 300KVA,parcial
NUOLT-7674,UPS Powest HV3380 80KVA,parcial
NUOLT-7675,UPS Powest HV33100 100KVA,parcial
NUU5EP-0509,Cable UTP CAT 5E 305m,no_encontrado
NUU5EPO-2502,Cable Outdoor UTP CAT 5E PVC 305m,no_encontrado
NUU6AP-1626,Cable U/UTP CAT 6A PVC 305m,no_encontrado
NUU6L-0604,Cable UTP CAT 6 LSZH 305m,no_encontrado
NUU6P-0600,Cable UTP CAT 6 305m,no_encontrado
NUU6P0-2602,Cable Outdoor UTP CAT 6 PVC 305m,no_encontrado
RCAB-9079,Cable Conexión Paralelo UPS Bifásicas,no_encontrado
RRC-400,Receptor Programable 4CH hasta 300 Controles,parcial
RRC-400-PLUS,Receptor Programable 4CH hasta 1600 Controles,parcial
SDCS3/128GB,MicroSD Kingston Canvas Select Plus 128GB,verificado
SDCS3/256GB,MicroSD Kingston Canvas Select Plus 256GB,verificado
SDCS3/64GB,MicroSD Kingston Canvas Select Plus 64GB,verificado
SF14AWG500A,Cable de Aluminio Reforzado Calibre 14 de 500 Mts,no_encontrado
SF16AWG500A,Cable de Aluminio Reforzado Calibre 16 de 500 Mts,no_encontrado
ST2-128-S1,MicroSD Imou 128GB Clase 10 para Videovigilancia,verificado
ST2-256-S1,MicroSD Imou 256GB Clase 10 para Videovigilancia,verificado
ST2-64-S1,MicroSD Imou 64GB Clase 10 para Videovigilancia,verificado
ST2000VX017,Disco Duro Seagate SkyHawk 2TB Videovigilancia,verificado
SYS12000/127AFV2,Energizador Antiplantas 10000V 5J 10000m,parcial
SYS12000/127V2,Energizador SMT 12000V 1.2J 3500m,parcial
SYSNGV2,Energizador SMT 12000V 1J 2500m,parcial
TARJET-WIFI-LITE,Módulo WiFi Lite Energizadores YONUSA c/Gabinete,parcial
TARJET-WIFI-V2,Módulo WiFi Energizadores YONUSA c/Gabinete,parcial
TX4R-PR-V2,Control Remoto JFL 3 Botones Alcance 100m,parcial
VFD-7724,Powest VFD 0.75 KW (1 HP - 220/240 VAC 1 Phase,parcial
VFD-7725,Powest VFD 1.5 KW (2 HP - 220/240 VAC 1 Phase,parcial
VFD-7726,Powest VFD 2.2 KW (3 HP - 220/240 VAC 1 Phase,parcial
VFD-7727,Powest VFD 3.7 KW (5 HP - 220/240 VAC 1 Phase,parcial
VFD-7728,Powest VFD 5.5 KW (7 HP - 220/240 VAC 1 Phase,parcial
VFD-7729,Powest VFD 0.75 KW (1 HP - 220/240 VAC 3 Phases,parcial
VFD-7730,Powest VFD 1.5 KW (2 HP - 220/240 VAC 3 Phases,parcial
VFD-7731,Powest VFD 2.2 KW (3 HP - 220/240 VAC 3 Phases,parcial
VFD-7732,Powest VFD 3.7 KW (5 HP - 220/240 VAC 3 Phases,parcial
VFD-7733,Powest VFD 5.5 KW (7 HP - 220/240 VAC 3 Phases,parcial
VFD-7734,Powest VFD 5.5 KW (7 HP - 380/480 VAC 3 Phases,parcial
VFD-7735,Powest VFD 7.5 KW (10 HP - 380/480 VAC 3 Phases,parcial
VFD-7736,Powest VFD 11 KW (15HP) - 380/440 VAC 3 Phases,parcial
VFD-7737,Powest VFD 15 KW (20 HP - 380/440 VAC 3 Phases,parcial
VFD-7738,Powest VFD 18 KW (24 HP - 380/440 VAC 3 Phases,parcial
VFD-7739,Powest VFD 22 KW (30 HP - 380/440 VAC 3 Phases,parcial
WD102PURZ,Disco Duro WD Purple 10TB Videovigilancia,verificado
WD122PURZ,Disco Duro WD Purple 12TB Videovigilancia,verificado
WD23PURZ,Disco Duro WD Purple 2TB Videovigilancia,verificado
WD43PURZ,Disco Duro WD Purple 4TB Videovigilancia,verificado
WD64PURZ,Disco Duro WD Purple 6TB Videovigilancia,verificado
WD85PURZ,Disco Duro WD Purple 8TB Videovigilancia,verificado
WDD064G1P0C,MicroSD WD Purple SC 64GB Videovigilancia,verificado
WDD128G1P0C,MicroSD WD Purple SC 128GB Videovigilancia,verificado
WDD256G1P0C,MicroSD WD Purple SC 256GB Videovigilancia,verificado
WDD512G1P0C,MicroSD WD Purple SC 512GB Videovigilancia,verificado
